Searching 246 files for "navigation"

/Users/nightingall/code/carstenschaltz/stotles/app/views/shared/_navbar.html.erb:
    5    </a>
    6
    7:   <!-- Right Navigation -->
    8    <div class="navbar-wagon-right hidden-xs hidden-sm">
    9      <% if user_signed_in? %>

/Users/nightingall/code/carstenschaltz/stotles/config/initializers/devise.rb:
  240    # config.sign_out_all_scopes = true
  241
  242:   # ==> Navigation configuration
  243:   # Lists the formats that should be treated as navigational. Formats like
  244    # :html, should redirect to the sign in page when the user does not have
  245    # access, but formats like :xml or :json, should return 401.
  246    #
  247:   # If you have any extra navigational formats, like :iphone or :mobile, you
  248:   # should add them to the navigational formats lists.
  249    #
  250    # The "*/*" below is required to match Internet Explorer requests.
  251:   # config.navigational_formats = ['*/*', :html]
  252
  253    # The default HTTP method used to sign out a resource. Default is :delete.

/Users/nightingall/code/carstenschaltz/stotles/db/accountants.csv:
 1063  "Baginsky Cohen","","0208 343 8080","","","Baginsky Cohen,930 High Road,london,United Kingdom,N12 9RT",""
 1064  "Bahadur Brothers Limited","wearebahadurbrothers@gmail.com","07727 067668","www.clearthedecks.org.uk","Wholly composed of Chartered Certified Accountants","Bahadur Brothers Limited,91 Chaplin Road, 1 Primrose Street, Dagenham,essex,United Kingdom,RM9 6ES",""
 1065: "Bailams Insolvency Practitioners Limited","info@bailams.co.uk","01443 749768","www.bailams.co.uk","Wholly composed of Chartered Certified Accountants","Bailams Insolvency Practitioners Limited,Office F4, Ty Antur, Navigation Park,abercynon,United Kingdom,CF45 4SN",""
 1066  "Bailey Ahmad Limited","info@baileyahmad.co.uk","020 8662 6070","www.baileyahmad.co.uk","Wholly composed of Chartered Certified Accountants","Bailey Ahmad Limited,257b Croydon Road,beckenham,United Kingdom,BR3 3PS",""
 1067  "Bailhache Linton LLP","lmb@bailhachelinton.co.uk","01883 621110","www.bailhachelinton.co.uk","Wholly composed of Chartered Certified Accountants","Bailhache Linton LLP,Bourne House, 475 Godstone Road,whyteleafe,United Kingdom,CR3 0BL",""
 ....
 4593  "Kristin C Simmons Limited","kristin@alvertonaccountants.co.uk","01736 332 455","","Wholly composed of Chartered Certified Accountants","Kristin C Simmons Limited,37 St James Street,penzance,United Kingdom,TR18 2BU",""
 4594  "Krypton Consulting Ltd","shola.makinwa@kmcconsult.com","0208 591 7545","www.kmcconsult.com","Regulated to undertake a range of credit related activities under the Financial Services and Markets Act 2000,Regulated to undertake a range of investment business activities by ACCA under the Financial Services and Markets Act 2000,Wholly composed of Chartered Certified Accountants","Krypton Consulting Ltd,320 Barking Enterprise Centre, 50 Cambridge Road,barking,United Kingdom,IG11 8FG","Advertising, Charities, Clubs and Associations, Doctors, Education, Engineering, IT/Software, Retail, Solicitors, Sub-Contractors"
 4595: "Krypton Proficient Ltd","info@kmmcconsult.com","02085917545","","Wholly composed of Chartered Certified Accountants","Krypton Proficient Ltd,Unit 6 Navigation House, Abbey Road,barking,United Kingdom,IG11 7BZ",""
 4596  "Kugan & Co","kugan@kugan.org","02089498256","","Wholly composed of Chartered Certified Accountants","Kugan & Co,Kingspark Business Centre, 238A Kingston Road,new malden,United Kingdom,KT3 3RN","Doctors, Retail"
 4597  "Kuku-Shittu & Co","camilla@kuku-shittu.co.uk","07931106854","www.kuku-shittu.co.uk","Registered as auditors in the UK/Ireland by ACCA,Wholly composed of Chartered Certified Accountants","Kuku-Shittu & Co,99 Trelawney Road,ilford,United Kingdom,IG6 2NP","Charities"
 ....
 6683  "Rostrons Accountants Limited","advice@rostrons.com","01603 619166","www.rostrons.com","","Rostrons Accountants Limited,Yare House, 62-64 Thorpe Road,norwich,United Kingdom,NR1 1RY","Agriculture and Forestry, Architects, Arts and Cultures Industries, Catering (Pubs, Restaurants, Food and Drink), Charities, Dentists, Doctors, Entertainment, IT/Software, Motor Retailers, Retail, Service Industries, Solicitors, Vets"
 6684  "Rosy Jeffrey Ltd","adrianh@rosyjeffrey.co.uk","01297 439 457","","","Rosy Jeffrey Ltd,The Loft, Unit 11, Hunthay Business Park,axminster,United Kingdom,EX13 5RJ",""
 6685: "Rotherham Taylor Limited","preston@rtaccountants.co.uk","01772735865","www.rtaccountants.co.uk","","Rotherham Taylor Limited,21 Navigation Business Village, Navigation Way, Shton on Ribble,preston,United Kingdom,PR2 2YP",""
 6686  "Rothman Pantall LLP","habibbrora@rothmansllp.com","02380211088","www.rothmansllp.com","Wholly composed of Chartered Certified Accountants","Rothman Pantall LLP,Chilworth Point, 1 Chilworth Road,southampton,United Kingdom,SO16 7JQ","Entertainment, Solicitors, Tourism and Travel Agents"
 6687  "Rouse Partners LLP","","01494 675321","www.rousepartners.co.uk","Wholly composed of Chartered Certified Accountants","Rouse Partners LLP,55 Station Road,beaconsfield,United Kingdom,HP9 1QL",""

/Users/nightingall/code/carstenschaltz/stotles/db/scraping.txt:
 2122  {:name=>"Bahadur Brothers Limited", :email=>"wearebahadurbrothers@gmail.com", :website=>"www.clearthedecks.org.uk", :phone=>"07727 067668", :address=>"Bahadur Brothers Limited,91 Chaplin Road, 1 Primrose Street, Dagenham,essex,United Kingdom,RM9 6ES"}
 2123  {:certificates_held=>"Wholly composed of Chartered Certified Accountants"}
 2124: {:name=>"Bailams Insolvency Practitioners Limited", :email=>"info@bailams.co.uk", :website=>"www.bailams.co.uk", :phone=>"01443 749768", :address=>"Bailams Insolvency Practitioners Limited,Office F4, Ty Antur, Navigation Park,abercynon,United Kingdom,CF45 4SN"}
 2125  {:certificates_held=>"Wholly composed of Chartered Certified Accountants"}
 2126  {:name=>"Bailey Accountants", :email=>"nikkibailey@hotmail.com", :phone=>"01209 844633", :address=>"Bailey Accountants,Lichen, Bridge Moor,redruth,United Kingdom,TR16 4QA"}

11 matches across 4 files
